SENML,RANGE,BLOOM,INTERPOLATE,ANNOT
4.635162,4.097244,2.122203,3.499495,1.558801
6.719509,1.785758,2.202194,3.505286,3.523546
6.993705,1.549971,2.112399,3.549262,3.708613
7.299609,1.139114,2.14824,3.573379,3.947314
7.56062,0.815981,2.196805,3.586225,4.783712
7.799461,0.437511,2.257912,3.567008,5.119277
8.035058,0.222167,2.265618,3.486816,5.549381
8.362487,2.102301,0.069934,3.461976,5.778288
8.658191,1.78761,0.093233,3.429444,6.017469
8.963872,1.426309,0.147555,3.429988,6.212587
